Subcluster_id,Q-score
7,1.512324334557481
0,0.4710466838118935
