Cluster_ID,Loop1,Loop2,ScanX_Score,ScanX_RMSD,AlignmentLength,M_BP,M_STK,TM-Score,TM_RMSD,AlignmentLength
subcluster_0,5T2A_B:595-596_1181-1184,5XXU_2:310-315_347-354,5.6,2.595463915983318,3,1,1,0.20049,2.78,5
subcluster_7,3J7Q_5:1024-1027_1043-1046,4IOA_X:2614-2618_2753-2761,83.8,1.6601620945055668,6,2,3,0.34830,1.74,8
subcluster_7,3J7Q_5:1024-1027_1043-1046,4W29_AX:48-50_62-64,3.2,1.5513453489158135,2,1,0,0.16568,1.92,6
subcluster_7,4IOA_X:2614-2618_2753-2761,4W29_AX:48-50_62-64,12.4,5.764848371997831,4,1,0,0.19708,1.25,6
